{"learning_rate": 1e-07, "loss": 749332473.7548828}
{"learning_rate": 1e-06, "loss": 748441497.8027344}
{"learning_rate": 1e-05, "loss": 749554214.4775391}
{"learning_rate": 2e-05, "loss": 734664688.1103516}
{"learning_rate": 3.0000000000000004e-05, "loss": 689554580.6884766}
{"learning_rate": 4e-05, "loss": 593992675.78125}
{"learning_rate": 5e-05, "loss": 503060279.8461914}
{"learning_rate": 6.000000000000001e-05, "loss": 431635002.13623047}
{"learning_rate": 7.000000000000001e-05, "loss": 368491386.4135742}
{"learning_rate": 8e-05, "loss": 319135307.3120117}
{"learning_rate": 9e-05, "loss": 301119033.81347656}
{"learning_rate": 0.0001, "loss": 300121784.2102051}
{"learning_rate": 0.0002, "loss": 282879188.53759766}
{"learning_rate": 0.00030000000000000003, "loss": 281613685.60791016}
{"learning_rate": 0.0004, "loss": 276164745.33081055}
{"learning_rate": 0.0005, "loss": 282876647.94921875}
{"learning_rate": 0.0006000000000000001, "loss": 269475105.28564453}
{"learning_rate": 0.0007, "loss": 267479034.42382812}
{"learning_rate": 0.0008, "loss": 272706485.748291}
{"learning_rate": 0.0009000000000000001, "loss": 272923519.1345215}
{"learning_rate": 0.001, "loss": 250255859.375}
{"learning_rate": 0.002, "loss": 236353786.46850586}
{"learning_rate": 0.003, "loss": 229180694.58007812}
{"learning_rate": 0.004, "loss": 223498928.07006836}
{"learning_rate": 0.005, "loss": 275292823.7915039}
{"learning_rate": 0.006, "loss": 222886909.48486328}
{"learning_rate": 0.007, "loss": 244248035.4309082}
{"learning_rate": 0.008, "loss": 230323543.54858398}
{"learning_rate": 0.009000000000000001, "loss": 230323261.26098633}
{"learning_rate": 0.01, "loss": 213304981.23168945}
{"learning_rate": 0.02, "loss": 252208675.38452148}
{"learning_rate": 0.03, "loss": 259492481.23168945}
{"learning_rate": 0.04, "loss": 242479091.6442871}
{"learning_rate": 0.05, "loss": 233332176.2084961}
{"learning_rate": 0.06, "loss": 241905101.77612305}
{"learning_rate": 0.07, "loss": 282730110.16845703}
{"learning_rate": 0.08, "loss": 250557167.05322266}
{"learning_rate": 0.09, "loss": 283328269.9584961}
{"learning_rate": 0.1, "loss": 271443542.48046875}
{"learning_rate": 0.2, "loss": 289055706.0241699}
{"learning_rate": 0.30000000000000004, "loss": 291731063.84277344}
{"learning_rate": 0.4, "loss": 304597522.7355957}
{"learning_rate": 0.5, "loss": 275579967.4987793}
{"learning_rate": 0.6000000000000001, "loss": 306377407.0739746}
{"learning_rate": 0.7000000000000001, "loss": 289946712.4938965}
{"learning_rate": 0.8, "loss": 283759769.43969727}
{"learning_rate": 0.9, "loss": 347702430.72509766}
{"learning_rate": 1.0, "loss": 282514396.66748047}
{"learning_rate": 2.0, "loss": 281104240.41748047}
{"learning_rate": 3.0, "loss": 285201862.3352051}
{"learning_rate": 4.0, "loss": 282551452.63671875}
{"learning_rate": 5.0, "loss": 282954452.51464844}
{"learning_rate": 6.0, "loss": 282699211.12060547}
{"learning_rate": 7.0, "loss": 289495010.37597656}
{"learning_rate": 8.0, "loss": 289230197.90649414}
{"learning_rate": 9.0, "loss": 293033706.66503906}